"cluster","n","tau_mean","tau_sd","LAS_mean","LAS_sd","IschemicTime_mean","IschemicTime_sd","SixMinWalk_mean","SixMinWalk_sd","BMI_mean","BMI_sd","RecipientAge_mean","RecipientAge_sd","DonorAge_mean","DonorAge_sd","DonorCMV_mean","DonorCMV_sd"
"C1",2014,25.8455748328937,7.49724812165622,39.4993615926415,8.2230480744469,5.91046206977185,1.95751433271667,861.91906653426,446.214169264471,20.1526863158349,3.02434185153146,32.4150943396226,9.27600146857176,31.2651439920556,12.7391268055401,0.640019860973188,0.480113415565569
"C2",3420,32.2735739454482,7.0783317314131,33.4638560030055,8.00862112650255,4.6232046740794,1.49800043574912,741.265497076024,343.937072494106,22.6342752246537,3.24701940585821,60.6733918128655,6.5949136776466,36.1880116959064,14.281731637949,0.691812865497076,0.46181184949372
"C3",3199,12.5254313991233,10.3906876503286,39.1611870119691,7.37767687627955,5.24141473701575,1.79636268774716,848.527352297594,409.74816597962,27.6165520260098,3.59398879039387,61.0090653329165,8.04413904364642,33.9052829009065,13.967736216333,0,0
"C4",1137,8.65079197562088,7.31693154362587,72.793446918999,13.9401885884235,5.55939831897262,1.87048078998571,304.585751978892,339.171357000398,25.5821433543095,4.40824950257682,56.9753737906772,11.0250718781047,35.1160949868074,14.0084442422976,0.670184696569921,0.470352786774102
"C5",4426,9.71931627093265,8.11717265077864,39.4330789053771,6.82818793498362,5.10909246417984,1.75932685558775,846.971531857207,408.107594767479,27.9247032890797,3.49231827749233,61.1735201084501,8.05782402608884,35.6156800723,13.9327300045326,1,0
